pagina;proveedor;factura;fecha;cod_proveedor;descripcion_factura;categoria_sugerida;marca;nombre_producto;color;largo_cm;ancho_cm;unidad_venta;m2_por_caja;piezas_por_caja;cantidad_factura;unidad_cantidad;cajas;costo_unitario_gs;total_linea_gs;observaciones
1;SAN CARLOS S.R.L. (RUC 80054999-6);001-001-0183189;2026-08-24;051076;CEJATEL 53X53 PORTLAND BG A 2.81M2XCAJA OASIS;ceramica;OASIS;Cejatel Portland BG 53x53;Portland BG;53;53;m2;2.8100;10;134.88;m2;48;21800;2940384;Precio por m2. Verificar si la marca de linea es CEJATEL o CERATEL (pag. 1)
1;SAN CARLOS S.R.L. (RUC 80054999-6);001-001-0183189;2026-08-24;043554;FORTE 50X50 PORTLAND MATE GRAY PLUS HD A 2.33M2XCAJA OASIS;ceramica;OASIS;Forte Portland Mate Gray Plus HD 50x50;Gray Plus;50;50;m2;2.3300;9;149.12;m2;64;22200;3310464;Precio por m2
2;SAN CARLOS S.R.L. (RUC 80054999-6);001-001-0182458;2026-08-21;008092;CELITE SAVEIRO CAJA ACOPLADA GRIS OSCURO 1555700032300;inodoro;CELITE;Celite Saveiro caja acoplada;Gris Oscuro;;;pieza;;;2;un;;193697;387394;Cod. fabrica 1555700032300
2;SAN CARLOS S.R.L. (RUC 80054999-6);001-001-0182458;2026-08-21;018277;CELITE SAVEIRO INODORO BAJA GRIS OSCURO 1023550030300;inodoro;CELITE;Celite Saveiro inodoro cisterna baja;Gris Oscuro;;;pieza;;;2;un;;217124;434248;Cod. fabrica 1023550030300. tipo_cisterna=baja
2;SAN CARLOS S.R.L. (RUC 80054999-6);001-001-0182458;2026-08-21;016407;CELITE SAVEIRO INODORO ALTA GRIS OSCURO 1023030030300;inodoro;CELITE;Celite Saveiro inodoro cisterna alta;Gris Oscuro;;;pieza;;;1;un;;198346;198346;Cod. fabrica 1023030030300. tipo_cisterna=alta
3;SAN CARLOS S.R.L. (RUC 80054999-6);001-001-0183188;2026-08-24;049180;ROCA BACHA APOYO 375 RUY OHTAKE CAFE A327A15660;bacha;ROCA;Roca bacha de apoyo 375 Ruy Ohtake;Cafe;;;pieza;;;1;un;;796508;796508;Cod. fabrica A327A15660
4;MERCOESTE S.A.E.C.A. (RUC 80059879-2);001-001-0049329;2026-08-22;10833;Bello Oasi Duna Ripa 45x120 mate rectificado (1.61 M2 x 3 U por caja);porcelanato;BELLO;Bello Oasi Duna Ripa 45x120 mate rectificado;Oasi Duna Ripa;120;45;m2;1.6100;3;38.64;m2;24;145000;5602800;Acabado mate rectificado. Precio por m2
4;MERCOESTE S.A.E.C.A. (RUC 80059879-2);001-001-0049329;2026-08-22;10486;Bello Apuano Oro Graffi 45x120 mate rectificado (1.61 M2 x 3 U por caja);porcelanato;BELLO;Bello Apuano Oro Graffi 45x120 mate rectificado;Apuano Oro Graffi;120;45;m2;1.6100;3;38.64;m2;24;145000;5602800;Acabado mate rectificado. Precio por m2
4;MERCOESTE S.A.E.C.A. (RUC 80059879-2);001-001-0049329;2026-08-22;11278;Bello Oasi Roccia Ripa 45x120 mate rectificado (1.61 M2 x 3 U por caja);porcelanato;BELLO;Bello Oasi Roccia Ripa 45x120 mate rectificado;Oasi Roccia Ripa;120;45;m2;1.6100;3;20.93;m2;13;145000;3034850;Acabado mate rectificado. Precio por m2
4;MERCOESTE S.A.E.C.A. (RUC 80059879-2);001-001-0049329;2026-08-22;10615;Bello Sage Graffi 45x120 mate rectificado (1.61 M2 x 3 U por caja);porcelanato;BELLO;Bello Sage Graffi 45x120 mate rectificado;Sage Graffi;120;45;m2;1.6100;3;37.03;m2;23;145000;5369350;Acabado mate rectificado. Precio por m2
8;SiderAgro S.A. (RUC 80026064-3);001-001-0055005;2026-05-28;20326;KIT INO. CIST. ALTA DONA BEJA AZUL+GAB. NIX SERENO 50CM+KIT INST. TAPA(BL) MULTI + CISTERNA;inodoro;SIDER;Kit inodoro cisterna alta Dona Beja + gabinete Nix Sereno 50cm;Azul;;;juego;;;1;un;;594000;594000;"MANUSCRITO EN LA FACTURA: ""NO (se vendio)"" - confirmar si entra al stock"
8;SiderAgro S.A. (RUC 80026064-3);001-001-0055005;2026-05-28;7372;KIT INO. CIST. BAJA ALAMO BLANCO + GAB. SIDER BLANCO + KIT INST. THEMA;inodoro;SIDER;Kit inodoro cisterna baja Alamo + gabinete Sider;Blanco;;;juego;;;4;un;;647000;2588000;MANUSCRITO: cantidad corregida a 4 (aplicada)
8;SiderAgro S.A. (RUC 80026064-3);001-001-0055005;2026-05-28;20329;KIT INO. CIST. BAJA D.BEJA GRIS CLARO + GAB. SIDER OPERA + KIT INST. ASTRA PARIS;inodoro;SIDER;Kit inodoro cisterna baja Dona Beja + gabinete Sider Opera;Gris Claro;;;juego;;;3;un;;799000;2397000;
8;SiderAgro S.A. (RUC 80026064-3);001-001-0055005;2026-05-28;20420;INODORO CISTERNA BAJA ARAXA BLANCO SANTA CLARA;inodoro;SANTA CLARA;Inodoro cisterna baja Araxa;Blanco;;;pieza;;;3;un;;380000;1140000;tipo_cisterna=baja
8;SiderAgro S.A. (RUC 80026064-3);001-001-0055005;2026-05-28;19964;CONJUNTO P/ BANO MOD. KS 65CM BLANCO/VOLAKAS C/PIE (01.03.001);accesorio_bano;SIDER;Conjunto para bano KS 65cm con pie;Blanco/Volakas;;65;juego;;;1;un;;399365;399365;
8;SiderAgro S.A. (RUC 80026064-3);001-001-0055005;2026-05-28;30959;CONJUNTO P/ BANO MOD. LYON 55CM SOLANUM/PROVENCE C/PIE (01.08.148);accesorio_bano;SIDER;Conjunto para bano Lyon 55cm con pie;Solanum/Provence;;55;juego;;;1;un;;471450;471450;
8;SiderAgro S.A. (RUC 80026064-3);001-001-0055005;2026-05-28;19963;CONJUNTO P/ BANO MOD. KS 65CM BLANCO/NERO C/PIE (01.03.001);accesorio_bano;SIDER;Conjunto para bano KS 65cm con pie;Blanco/Nero;;65;juego;;;1;un;;399460;399460;
8;SiderAgro S.A. (RUC 80026064-3);001-001-0055005;2026-05-28;30962;CONJUNTO P/ BANO MOD. NIX 50CM C/PIE BLANCO/SOLANUM;accesorio_bano;SIDER;Conjunto para bano Nix 50cm con pie;Blanco/Solanum;;50;juego;;;1;un;;376950;376950;
8;SiderAgro S.A. (RUC 80026064-3);001-001-0055005;2026-05-28;20422;INODORO CISTERNA BAJA ARAXA GRIS CLARO SANTA CLARA;inodoro;SANTA CLARA;Inodoro cisterna baja Araxa;Gris Claro;;;pieza;;;2;un;;399000;798000;tipo_cisterna=baja
8;SiderAgro S.A. (RUC 80026064-3);001-001-0055005;2026-05-28;20400;INODORO ALTA ARAXA BLANCO SANTA CLARA;inodoro;SANTA CLARA;Inodoro cisterna alta Araxa;Blanco;;;pieza;;;3;un;;184552;553656;MANUSCRITO: cantidad corregida a 3 (aplicada). tipo_cisterna=alta
8;SiderAgro S.A. (RUC 80026064-3);001-001-0055005;2026-05-28;17031;NIVELADOR DE PISO 1.0MM PCT C/100 INCOLOR CJ C/12;otro;PCT;Nivelador de piso 1.0mm (paquete x100);Incolor;;;pieza;;100;120;paq;;10395;1247400;Caja x12 paquetes de 100 piezas
8;SiderAgro S.A. (RUC 80026064-3);001-001-0055005;2026-05-28;16855;NIVELADOR DE PISO 1.5MM PCT C/100 INCOLOR CJ C/12;otro;PCT;Nivelador de piso 1.5mm (paquete x100);Incolor;;;pieza;;100;36;paq;;10395;374220;Caja x12 paquetes de 100 piezas
8;SiderAgro S.A. (RUC 80026064-3);001-001-0055005;2026-05-28;16856;NIVELADOR DE PISO 2.0MM PCT C/100 INCOLOR CJ C/12;otro;PCT;Nivelador de piso 2.0mm (paquete x100);Incolor;;;pieza;;100;36;paq;;10395;374220;Caja x12 paquetes de 100 piezas
9;SiderAgro S.A. (RUC 80026064-3);001-001-0055007;2026-05-28;23387;CUNA NIVELADORA PISO METASUL NEGRA GRANDE (PQT C/50 UN) CJ C/12;otro;METASUL;Cuna niveladora de piso grande (paquete x50);Negra;;;pieza;;50;60;paq;;12600;756000;"MANUSCRITO: ""NO"" - confirmar si entra al stock"
9;SiderAgro S.A. (RUC 80026064-3);001-001-0055007;2026-05-28;848;PINZA NIVELADORA DE PISO AZUL METASUL (845001) CJ C/8 UN;otro;METASUL;Pinza niveladora de piso;Azul;;;pieza;;;8;un;;24045;192360;Cod. fabrica 845001
10;SiderAgro S.A. (RUC 80026064-3);001-001-0055006;2026-05-28;20330;KIT INO. CIST. BAJA D.BEJA NEGRO+GAB. SIDER 45CM NERO+KIT INST. PARIS ASTRA;inodoro;SIDER;Kit inodoro cisterna baja Dona Beja + gabinete Sider 45cm;Negro/Nero;;;juego;;;3;un;;799000;2397000;
11;SiderAgro S.A. (RUC 80026064-3);001-001-0055008;2026-05-28;5645;CISTERNA CIPLA C-4/2 AZUL (2957);cisterna;CIPLA;Cisterna Cipla C-4/2;Azul;;;pieza;;;6;un;;47000;282000;Ref. fabrica 2957. Mismo producto, 8 variantes de color
11;SiderAgro S.A. (RUC 80026064-3);001-001-0055008;2026-05-28;7;CISTERNA CIPLA C-4/2 BLANCA (0606);cisterna;CIPLA;Cisterna Cipla C-4/2;Blanca;;;pieza;;;10;un;;47000;470000;Ref. fabrica 0606. Mismo producto, 8 variantes de color
11;SiderAgro S.A. (RUC 80026064-3);001-001-0055008;2026-05-28;2417;CISTERNA CIPLA C-4/2 CARAMELO (0607);cisterna;CIPLA;Cisterna Cipla C-4/2;Caramelo;;;pieza;;;6;un;;47000;282000;Ref. fabrica 0607. Mismo producto, 8 variantes de color
11;SiderAgro S.A. (RUC 80026064-3);001-001-0055008;2026-05-28;2775;CISTERNA CIPLA C-4/2 GRIS (0608);cisterna;CIPLA;Cisterna Cipla C-4/2;Gris;;;pieza;;;6;un;;47000;282000;Ref. fabrica 0608. Mismo producto, 8 variantes de color
11;SiderAgro S.A. (RUC 80026064-3);001-001-0055008;2026-05-28;2419;CISTERNA CIPLA C-4/2 GRIS CLARO (0711);cisterna;CIPLA;Cisterna Cipla C-4/2;Gris Claro;;;pieza;;;6;un;;47000;282000;Ref. fabrica 0711. Mismo producto, 8 variantes de color
11;SiderAgro S.A. (RUC 80026064-3);001-001-0055008;2026-05-28;2415;CISTERNA CIPLA C-4/2 GRIS OSCURO (0597);cisterna;CIPLA;Cisterna Cipla C-4/2;Gris Oscuro;;;pieza;;;6;un;;47000;282000;Ref. fabrica 0597. Mismo producto, 8 variantes de color
11;SiderAgro S.A. (RUC 80026064-3);001-001-0055008;2026-05-28;2418;CISTERNA CIPLA C-4/2 NARANJA TROPICAL (0609);cisterna;CIPLA;Cisterna Cipla C-4/2;Naranja Tropical;;;pieza;;;6;un;;47000;282000;Ref. fabrica 0609. Mismo producto, 8 variantes de color
11;SiderAgro S.A. (RUC 80026064-3);001-001-0055008;2026-05-28;2499;CISTERNA CIPLA C-4/2 VERDE MALVA (0600);cisterna;CIPLA;Cisterna Cipla C-4/2;Verde Malva;;;pieza;;;6;un;;47000;282000;Ref. fabrica 0600. Mismo producto, 8 variantes de color
12;SAN CARLOS S.R.L. (RUC 80054999-6);001-001-0181971;2026-08-18;048030;ELIZABETH 60X60 PURE WHITE POL A 1.80M2XCAJA DSN;porcelanato;DSN;Elizabeth Pure White pulido 60x60;Pure White;60;60;m2;1.8000;5;144.00;m2;80;57498;8279712;Acabado pulido. Precio por m2
14;AGRO ACEROS S.A. (RUC 80117815-0);001-001-0058096;2026-08-18;431-2;CONJUNTO ICASA 4X3PZ BEIGE;accesorio_bano;ICASA;Conjunto Icasa 4x3 piezas;Beige;;;juego;;3;1;un;;77000;77000;
14;AGRO ACEROS S.A. (RUC 80117815-0);001-001-0058096;2026-08-18;432-9;CONJUNTO ICASA 4X3PZ BLANCO;accesorio_bano;ICASA;Conjunto Icasa 4x3 piezas;Blanco;;;juego;;3;2;un;;77000;154000;
14;AGRO ACEROS S.A. (RUC 80117815-0);001-001-0058096;2026-08-18;433-6;CONJUNTO ICASA 4X3PZ GRIS CLARO;accesorio_bano;ICASA;Conjunto Icasa 4x3 piezas;Gris Claro;;;juego;;3;1;un;;77000;77000;
14;AGRO ACEROS S.A. (RUC 80117815-0);001-001-0058096;2026-08-18;434-3;CONJUNTO ICASA 4X3PZ GRIS OSCURO;accesorio_bano;ICASA;Conjunto Icasa 4x3 piezas;Gris Oscuro;;;juego;;3;1;un;;82000;82000;
14;AGRO ACEROS S.A. (RUC 80117815-0);001-001-0058096;2026-08-18;435-0;CONJUNTO ICASA 4X3PZ OCRE;accesorio_bano;ICASA;Conjunto Icasa 4x3 piezas;Ocre;;;juego;;3;1;un;;82000;82000;
14;AGRO ACEROS S.A. (RUC 80117815-0);001-001-0058096;2026-08-18;SIN CODIGO LEGIBLE;CONJUNTO ICASA 4X3PZ NEGRO;accesorio_bano;ICASA;Conjunto Icasa 4x3 piezas;Negro;;;juego;;3;2;un;;101000;202000;CODIGO TAPADO POR LA PERFORACION DEL PAPEL (pag. 14) - cargar a mano
14;AGRO ACEROS S.A. (RUC 80117815-0);001-001-0058096;2026-08-18;1179-2;KIT ACCESORIO P/BANO PLASTICO 5PZ CRISTAL 10x1PC;accesorio_bano;ICASA;Kit accesorios para bano plastico 5 piezas;Cristal;;;juego;;5;6;un;;35750;214500;
14;AGRO ACEROS S.A. (RUC 80117815-0);001-001-0058096;2026-08-18;1180-6;KIT ACCESORIO P/BANO METAL 5PZ 10x1PC;accesorio_bano;ICASA;Kit accesorios para bano metal 5 piezas;Metal;;;juego;;5;6;un;;65000;390000;
14;AGRO ACEROS S.A. (RUC 80117815-0);001-001-0058096;2026-08-18;1428-1;MINGITORIO C/SIFON GRIS OSCURO ICASA;migitorio;ICASA;Mingitorio Icasa con sifon;Gris Oscuro;;;pieza;;;2;un;;321000;642000;
14;AGRO ACEROS S.A. (RUC 80117815-0);001-001-0058096;2026-08-18;1430-4;MINGITORIO C/SIFON BEIGE ICASA;migitorio;ICASA;Mingitorio Icasa con sifon;Beige;;;pieza;;;2;un;;310000;620000;
14;AGRO ACEROS S.A. (RUC 80117815-0);001-001-0058096;2026-08-18;1431-1;MINGITORIO C/SIFON BLANCO ICASA;migitorio;ICASA;Mingitorio Icasa con sifon;Blanco;;;pieza;;;2;un;;310000;620000;
14;AGRO ACEROS S.A. (RUC 80117815-0);001-001-0058096;2026-08-18;1432-8;MINGITORIO C/SIFON NEGRO ICASA;migitorio;ICASA;Mingitorio Icasa con sifon;Negro;;;pieza;;;2;un;;355000;710000;
14;AGRO ACEROS S.A. (RUC 80117815-0);001-001-0058096;2026-08-18;1433-5;MINGITORIO C/SIFON OCRE ICASA;migitorio;ICASA;Mingitorio Icasa con sifon;Ocre;;;pieza;;;2;un;;321000;642000;
14;AGRO ACEROS S.A. (RUC 80117815-0);001-001-0058096;2026-08-18;4509-7;KIT ACCESORIO P/BANO PLASTICO 5PZ BLANCO 10x1PC;accesorio_bano;ICASA;Kit accesorios para bano plastico 5 piezas;Blanco;;;juego;;5;6;un;;35750;214500;Codigo poco nitido (pag. 14) - verificar
15;AGRO ACEROS S.A. (RUC 80117815-0);001-001-0058097;2026-08-18;SIN CODIGO LEGIBLE;PUERTA PVC BLANCO 0.72x2.10;otro;PERIN;Puerta PVC 0.72x2.10;Blanco;210.0;72.0;pieza;;;3;un;;106000;318000;CODIGO CORTADO EN EL ESCANEO (pag. 15) - cargar a mano
15;AGRO ACEROS S.A. (RUC 80117815-0);001-001-0058097;2026-08-18;2701-4;PUERTA PVC BLANCO 0.80x2.10;otro;PERIN;Puerta PVC 0.80x2.10;Blanco;210.0;80.0;pieza;;;3;un;;114000;342000;
15;AGRO ACEROS S.A. (RUC 80117815-0);001-001-0058097;2026-08-18;2703-8;PUERTA PVC GRIS 0.72x2.10;otro;PERIN;Puerta PVC 0.72x2.10;Gris;210.0;72.0;pieza;;;3;un;;106000;318000;
15;AGRO ACEROS S.A. (RUC 80117815-0);001-001-0058097;2026-08-18;2706-2;PUERTA PVC GRIS 0.80x2.10;otro;PERIN;Puerta PVC 0.80x2.10;Gris;210.0;80.0;pieza;;;3;un;;114000;342000;
16;MERCOESTE S.A.E.C.A. (RUC 80059879-2);001-001-0048949;2026-08-14;7712;CORTAG | EXHIBIDOR - 61729;otro;CORTAG;Exhibidor Cortag;;;;pieza;;;1;un;;119770;119770;Mueble de exhibicion, NO es mercaderia de venta - confirmar si se carga
17;MERCOESTE S.A.E.C.A. (RUC 80059879-2);001-001-0048946;2026-08-14;8086;CORTAG | Clips Nivelador ECO 1,0mm - Azul - Bolsa c/ 50 Pcs - 61334;otro;CORTAG;Clips nivelador ECO 1,0mm (bolsa x50);Azul;;;pieza;;50;180;bolsa;;10000;1800000;Ref. 61334
17;MERCOESTE S.A.E.C.A. (RUC 80059879-2);001-001-0048946;2026-08-14;8087;CORTAG | Clips Nivelador ECO 1,5mm - Rojo - Bolsa c/ 50 Pcs - 61336;otro;CORTAG;Clips nivelador ECO 1,5mm (bolsa x50);Rojo;;;pieza;;50;96;bolsa;;10000;960000;Ref. 61336
17;MERCOESTE S.A.E.C.A. (RUC 80059879-2);001-001-0048946;2026-08-14;8088;CORTAG | Clips Nivelador ECO 2,0mm - Verde - Bolsa c/ 50 Pcs - 61338;otro;CORTAG;Clips nivelador ECO 2,0mm (bolsa x50);Verde;;;pieza;;50;24;bolsa;;10000;240000;Ref. 61338
17;MERCOESTE S.A.E.C.A. (RUC 80059879-2);001-001-0048946;2026-08-14;7511;CORTAG | Cuna Tradicional p/ Nivelamiento 50 Pcs - Rojo/Amarillo - 60694;otro;CORTAG;Cuna tradicional para nivelamiento (bolsa x50);Rojo/Amarillo;;;pieza;;50;120;bolsa;;25000;3000000;Ref. 60694
18;MERCOESTE S.A.E.C.A. (RUC 80059879-2);001-001-0048944;2026-08-14;6961;CORONA LAGUNA Inodoro - Negro - 03007-160;inodoro;CORONA;Corona Laguna Inodoro;Negro;;;pieza;;;2;un;;230000;460000;Ref. fabrica 03007-160
18;MERCOESTE S.A.E.C.A. (RUC 80059879-2);001-001-0048944;2026-08-14;6958;CORONA LAGUNA Lavamanos - Negro - 01411-160;bacha;CORONA;Corona Laguna Lavamanos;Negro;;;pieza;;;2;un;;110000;220000;Ref. fabrica 01411-160
18;MERCOESTE S.A.E.C.A. (RUC 80059879-2);001-001-0048944;2026-08-14;6962;CORONA LAGUNA Pedestal - Negro - 05210-160;bacha;CORONA;Corona Laguna Pedestal;Negro;;;pieza;;;2;un;;95000;190000;Ref. fabrica 05210-160
18;MERCOESTE S.A.E.C.A. (RUC 80059879-2);001-001-0048944;2026-08-14;6964;CORONA LAGUNA Tanque - Negro - 03403-160;inodoro;CORONA;Corona Laguna Tanque;Negro;;;pieza;;;2;un;;230000;460000;Ref. fabrica 03403-160
18;MERCOESTE S.A.E.C.A. (RUC 80059879-2);001-001-0048944;2026-08-14;7729;CORONA LAGUNA Tapa asiento Conforto Redondo - Negro - 82160;tapa_inodoro;CORONA;Corona Laguna Tapa asiento Conforto Redondo;Negro;;;pieza;;;2;un;;35000;70000;Ref. fabrica 82160
18;MERCOESTE S.A.E.C.A. (RUC 80059879-2);001-001-0048944;2026-08-14;5437;CORONA LAGUNA Inodoro - Gris - 03007-155;inodoro;CORONA;Corona Laguna Inodoro;Gris;;;pieza;;;2;un;;230000;460000;Ref. fabrica 03007-155
18;MERCOESTE S.A.E.C.A. (RUC 80059879-2);001-001-0048944;2026-08-14;5442;CORONA LAGUNA Lavamanos - Gris - 07339-155;bacha;CORONA;Corona Laguna Lavamanos;Gris;;;pieza;;;2;un;;110000;220000;Ref. fabrica 07339-155
18;MERCOESTE S.A.E.C.A. (RUC 80059879-2);001-001-0048944;2026-08-14;5441;CORONA LAGUNA Pedestal - Gris - 070331-155;bacha;CORONA;Corona Laguna Pedestal;Gris;;;pieza;;;2;un;;95000;190000;Ref. fabrica 070331-155
18;MERCOESTE S.A.E.C.A. (RUC 80059879-2);001-001-0048944;2026-08-14;5438;CORONA LAGUNA Tanque - Gris - 03403-155;inodoro;CORONA;Corona Laguna Tanque;Gris;;;pieza;;;2;un;;230000;460000;Ref. fabrica 03403-155
18;MERCOESTE S.A.E.C.A. (RUC 80059879-2);001-001-0048944;2026-08-14;7735;CORONA LAGUNA Tapa asiento Basic - Gris - 86955;tapa_inodoro;CORONA;Corona Laguna Tapa asiento Basic;Gris;;;pieza;;;2;un;;35000;70000;Ref. fabrica 86955
19;MERCOESTE S.A.E.C.A. (RUC 80059879-2);001-001-0048945;2026-08-14;4984;CORONA LAGUNA Inodoro - Blanco - 03007-100;inodoro;CORONA;Corona Laguna Inodoro;Blanco;;;pieza;;;3;un;;222500;667500;Ref. fabrica 03007-100
19;MERCOESTE S.A.E.C.A. (RUC 80059879-2);001-001-0048945;2026-08-14;4911;CORONA LAGUNA Lavamanos - Blanco - 07339-100;bacha;CORONA;Corona Laguna Lavamanos;Blanco;;;pieza;;;3;un;;110000;330000;Ref. fabrica 07339-100
19;MERCOESTE S.A.E.C.A. (RUC 80059879-2);001-001-0048945;2026-08-14;4910;CORONA LAGUNA Pedestal - Blanco - 070331-100;bacha;CORONA;Corona Laguna Pedestal;Blanco;;;pieza;;;3;un;;90000;270000;Ref. fabrica 070331-100
19;MERCOESTE S.A.E.C.A. (RUC 80059879-2);001-001-0048945;2026-08-14;3933;CORONA LAGUNA Tanque - Blanco - 03403-100;inodoro;CORONA;Corona Laguna Tanque;Blanco;;;pieza;;;3;un;;222500;667500;Ref. fabrica 03403-100
19;MERCOESTE S.A.E.C.A. (RUC 80059879-2);001-001-0048945;2026-08-14;4759;CORONA LAGUNA Tapa asiento Conforto Redondo - Blanco - 909000001;tapa_inodoro;CORONA;Corona Laguna Tapa asiento Conforto Redondo;Blanco;;;pieza;;;3;un;;35000;105000;Ref. fabrica 909000001
19;MERCOESTE S.A.E.C.A. (RUC 80059879-2);001-001-0048945;2026-08-14;4943;CORONA LAGUNA Inodoro - Bone - 03007-103;inodoro;CORONA;Corona Laguna Inodoro;Bone;;;pieza;;;3;un;;230000;690000;Ref. fabrica 03007-103
19;MERCOESTE S.A.E.C.A. (RUC 80059879-2);001-001-0048945;2026-08-14;4866;CORONA LAGUNA Lavamanos - Bone - 07339-103;bacha;CORONA;Corona Laguna Lavamanos;Bone;;;pieza;;;3;un;;110000;330000;Ref. fabrica 07339-103
19;MERCOESTE S.A.E.C.A. (RUC 80059879-2);001-001-0048945;2026-08-14;5105;CORONA LAGUNA Pedestal - Bone - 070331-103;bacha;CORONA;Corona Laguna Pedestal;Bone;;;pieza;;;3;un;;95000;285000;Ref. fabrica 070331-103
19;MERCOESTE S.A.E.C.A. (RUC 80059879-2);001-001-0048945;2026-08-14;5078;CORONA LAGUNA Tanque - Bone - 03403-103;inodoro;CORONA;Corona Laguna Tanque;Bone;;;pieza;;;3;un;;230000;690000;Ref. fabrica 03403-103
19;MERCOESTE S.A.E.C.A. (RUC 80059879-2);001-001-0048945;2026-08-14;5191;CORONA LAGUNA Tapa asiento Conforto Redondo - Bone - 909710001;tapa_inodoro;CORONA;Corona Laguna Tapa asiento Conforto Redondo;Bone;;;pieza;;;3;un;;35000;105000;Ref. fabrica 909710001
23;MERCOESTE S.A.E.C.A. (RUC 80059879-2);001-001-0048943;2026-08-14;5082;CORONA LAGUNA Inodoro - Azul Oscuro - 03007-118;inodoro;CORONA;Corona Laguna Inodoro;Azul Oscuro;;;pieza;;;1;un;;230000;230000;Ref. fabrica 03007-118
23;MERCOESTE S.A.E.C.A. (RUC 80059879-2);001-001-0048943;2026-08-14;5109;CORONA LAGUNA Lavamanos - Azul Oscuro - 07339-118;bacha;CORONA;Corona Laguna Lavamanos;Azul Oscuro;;;pieza;;;1;un;;110000;110000;Ref. fabrica 07339-118
23;MERCOESTE S.A.E.C.A. (RUC 80059879-2);001-001-0048943;2026-08-14;5108;CORONA LAGUNA Pedestal - Azul Oscuro - 070331-118;bacha;CORONA;Corona Laguna Pedestal;Azul Oscuro;;;pieza;;;1;un;;95000;95000;Ref. fabrica 070331-118
23;MERCOESTE S.A.E.C.A. (RUC 80059879-2);001-001-0048943;2026-08-14;5083;CORONA LAGUNA Tanque - Azul Oscuro - 03403-118;inodoro;CORONA;Corona Laguna Tanque;Azul Oscuro;;;pieza;;;1;un;;230000;230000;Ref. fabrica 03403-118
23;MERCOESTE S.A.E.C.A. (RUC 80059879-2);001-001-0048943;2026-08-14;7733;CORONA LAGUNA Tapa asiento Basic - Azul Oscuro - 869180001;tapa_inodoro;CORONA;Corona Laguna Tapa asiento Basic;Azul Oscuro;;;pieza;;;1;un;;35000;35000;Ref. fabrica 869180001
23;MERCOESTE S.A.E.C.A. (RUC 80059879-2);001-001-0048943;2026-08-14;5434;CORONA LAGUNA Inodoro - Vino Tinto - 03007-129;inodoro;CORONA;Corona Laguna Inodoro;Vino Tinto;;;pieza;;;1;un;;230000;230000;Ref. fabrica 03007-129
23;MERCOESTE S.A.E.C.A. (RUC 80059879-2);001-001-0048943;2026-08-14;4865;CORONA LAGUNA Lavamanos - Vino Tinto - 07339-129;bacha;CORONA;Corona Laguna Lavamanos;Vino Tinto;;;pieza;;;1;un;;110000;110000;Ref. fabrica 07339-129
23;MERCOESTE S.A.E.C.A. (RUC 80059879-2);001-001-0048943;2026-08-14;5443;CORONA LAGUNA Pedestal - Vino Tinto - 070331-129;bacha;CORONA;Corona Laguna Pedestal;Vino Tinto;;;pieza;;;1;un;;95000;95000;Ref. fabrica 070331-129
23;MERCOESTE S.A.E.C.A. (RUC 80059879-2);001-001-0048943;2026-08-14;5435;CORONA LAGUNA Tanque - Vino Tinto - 03403-129;inodoro;CORONA;Corona Laguna Tanque;Vino Tinto;;;pieza;;;1;un;;230000;230000;Ref. fabrica 03403-129
23;MERCOESTE S.A.E.C.A. (RUC 80059879-2);001-001-0048943;2026-08-14;7734;CORONA LAGUNA Tapa asiento Basic - Vino Tinto - 86929;tapa_inodoro;CORONA;Corona Laguna Tapa asiento Basic;Vino Tinto;;;pieza;;;1;un;;35000;35000;Ref. fabrica 86929
24;MERCOESTE S.A.E.C.A. (RUC 80059879-2);001-001-0048942;2026-08-14;5087;CORONA LAGUNA Inodoro - Verde Claro - 03007-141;inodoro;CORONA;Corona Laguna Inodoro;Verde Claro;;;pieza;;;1;un;;230000;230000;Ref. fabrica 03007-141
24;MERCOESTE S.A.E.C.A. (RUC 80059879-2);001-001-0048942;2026-08-14;5113;CORONA LAGUNA Lavamanos - Verde Claro - 07339-141;bacha;CORONA;Corona Laguna Lavamanos;Verde Claro;;;pieza;;;1;un;;110000;110000;Ref. fabrica 07339-141
24;MERCOESTE S.A.E.C.A. (RUC 80059879-2);001-001-0048942;2026-08-14;5112;CORONA LAGUNA Pedestal - Verde Claro - 070331-141;bacha;CORONA;Corona Laguna Pedestal;Verde Claro;;;pieza;;;1;un;;95000;95000;Ref. fabrica 070331-141
24;MERCOESTE S.A.E.C.A. (RUC 80059879-2);001-001-0048942;2026-08-14;5088;CORONA LAGUNA Tanque - Verde Claro - 03403-141;inodoro;CORONA;Corona Laguna Tanque;Verde Claro;;;pieza;;;1;un;;230000;230000;Ref. fabrica 03403-141
24;MERCOESTE S.A.E.C.A. (RUC 80059879-2);001-001-0048942;2026-08-14;5086;CORONA LAGUNA Tapa asiento Conforto Redondo - Verde Claro - 901410001;tapa_inodoro;CORONA;Corona Laguna Tapa asiento Conforto Redondo;Verde Claro;;;pieza;;;1;un;;35000;35000;Ref. fabrica 901410001
20;MERCOESTE S.A.E.C.A. (RUC 80059879-2);001-001-0048941;2026-08-14;7894;INCEPA THEMA KIT Inodoro c/ Tanque - Negro - 1257230020100;inodoro;INCEPA;Incepa Thema kit inodoro con tanque;Negro;;;juego;;;2;un;;950000;1900000;Cod. fabrica 1257230020100
20;MERCOESTE S.A.E.C.A. (RUC 80059879-2);001-001-0048941;2026-08-14;8365;INCEPA THEMA KIT Inodoro c/ Tanque - Gris Platina - 1257230480100;inodoro;INCEPA;Incepa Thema kit inodoro con tanque;Gris Platina;;;juego;;;1;un;;950000;950000;Cod. fabrica 1257230480100
20;MERCOESTE S.A.E.C.A. (RUC 80059879-2);001-001-0048941;2026-08-14;9446;CELITE | KIT ELITE (Tq bajo+comp) - Blanco Brillante - 1747230010300;inodoro;CELITE;Celite kit Elite tanque bajo completo;Blanco Brillante;;;juego;;;2;un;;1100000;2200000;Cod. fabrica 1747230010300. tipo_cisterna=baja
21;MERCOESTE S.A.E.C.A. (RUC 80059879-2);001-001-0048950;2026-08-14;8556;PBELLO | MALIBU LAKE 20X20 EXT BOLD 201390E - (0.64Mx16U);ceramica;BELLO;Bello Malibu Lake 20x20 exterior bold;Malibu Lake;20;20;m2;0.6400;16;69.12;m2;108;98000;6773760;Uso exterior. Precio por m2
21;MERCOESTE S.A.E.C.A. (RUC 80059879-2);001-001-0048950;2026-08-14;5956;PBELLO | MALIBU OCEAN 20X20 EXT BOLD - 28784E-(0.64M);ceramica;BELLO;Bello Malibu Ocean 20x20 exterior bold;Malibu Ocean;20;20;m2;0.6400;16;69.12;m2;108;98000;6773760;Uso exterior. Precio por m2
21;MERCOESTE S.A.E.C.A. (RUC 80059879-2);001-001-0048950;2026-08-14;8769;FORMIGRES I DHAMA AZUL 32X45 BR.- (2MX14U);ceramica;FORMIGRES;Formigres Dhama 32x45 brillante;Azul;45;32;m2;2.0000;14;288.00;m2;144;26500;7632000;Acabado brillante. Precio por m2
21;MERCOESTE S.A.E.C.A. (RUC 80059879-2);001-001-0048950;2026-08-14;12551;VIVA I VPC FIRENZE BR 58x58 (2.35x7U);ceramica;VIVA;Viva VPC Firenze 58x58 brillante;Firenze;58;58;m2;2.3500;7;141.00;m2;60;23000;3243000;Acabado brillante. Precio por m2
21;MERCOESTE S.A.E.C.A. (RUC 80059879-2);001-001-0048950;2026-08-14;12567;ROCHAFORTE - HD 5757316 BR 57x57 (3.30x10U);ceramica;ROCHAFORTE;Rochaforte HD 5757316 57x57 brillante;HD 5757316;57;57;m2;3.3000;10;158.40;m2;48;23000;3643200;Acabado brillante. Precio por m2
21;MERCOESTE S.A.E.C.A. (RUC 80059879-2);001-001-0048950;2026-08-14;12574;ROCHAFORTE - HD 5757740 BR 57x57 (3.30x10U);ceramica;ROCHAFORTE;Rochaforte HD 5757740 57x57 brillante;HD 5757740;57;57;m2;3.3000;10;158.40;m2;48;23000;3643200;Acabado brillante. Precio por m2
21;MERCOESTE S.A.E.C.A. (RUC 80059879-2);001-001-0048950;2026-08-14;11432;MEGACOLA | Argamasa ACI x 20 KG;adhesivo;MEGACOLA;Megacola argamasa ACI 20 kg;;;;pieza;;;160;bolsa;;16000;2560000;Bolsa de 20 kg
22;MERCOESTE S.A.E.C.A. (RUC 80059879-2);001-001-0048947;2026-08-14;9872;MAPEI - KERACOLOR CLASSIC BLANCO 100 ALU X1 KG - 5QC010034A;pastina;MAPEI;Mapei Keracolor Classic 1 kg;Blanco 100;;;pieza;;;42;un;;10000;420000;Ref. 5QC010034A. Envase 1 kg
22;MERCOESTE S.A.E.C.A. (RUC 80059879-2);001-001-0048947;2026-08-14;9880;MAPEI - KERACOLOR CLASSIC NEGRO 120 ALU X1 KG - 5QC012034A;pastina;MAPEI;Mapei Keracolor Classic 1 kg;Negro 120;;;pieza;;;28;un;;10000;280000;Ref. 5QC012034A. Envase 1 kg
22;MERCOESTE S.A.E.C.A. (RUC 80059879-2);001-001-0048947;2026-08-14;9878;MAPEI - KERACOLOR CLASSIC BEIGE 132 ALU X1 KG - 5QC013234A;pastina;MAPEI;Mapei Keracolor Classic 1 kg;Beige 132;;;pieza;;;28;un;;10000;280000;Ref. 5QC013234A. Envase 1 kg
22;MERCOESTE S.A.E.C.A. (RUC 80059879-2);001-001-0048947;2026-08-14;10451;MAPEI - KERACOLOR CLASSIC GRIS CEMENTO 113 ALU X1 KG - 5QC013334A;pastina;MAPEI;Mapei Keracolor Classic 1 kg;Gris Cemento 113;;;pieza;;;42;un;;10000;420000;Ref. 5QC013334A. Envase 1 kg
22;MERCOESTE S.A.E.C.A. (RUC 80059879-2);001-001-0048947;2026-08-14;11532;MAPEI - KERACOLOR CLASSIC GRIS MEDIO 112 ALU X1 KG - 5QC011234A;pastina;MAPEI;Mapei Keracolor Classic 1 kg;Gris Medio 112;;;pieza;;;42;un;;10000;420000;Ref. 5QC011234A. Envase 1 kg
22;MERCOESTE S.A.E.C.A. (RUC 80059879-2);001-001-0048947;2026-08-14;9879;MAPEI - KERACOLOR CLASSIC MARRON 142 ALU X1 KG - 5QC014234A;pastina;MAPEI;Mapei Keracolor Classic 1 kg;Marron 142;;;pieza;;;42;un;;10000;420000;Ref. 5QC014234A. Envase 1 kg
23;MERCOESTE S.A.E.C.A. (RUC 80059879-2);001-001-0048943;2026-08-14;2793;CORONA Adaptador 15/16P - 708110001;plomeria;CORONA;Corona adaptador 15/16P;;;;pieza;;;20;un;;5000;100000;Cod. fabrica 708110001
24;MERCOESTE S.A.E.C.A. (RUC 80059879-2);001-001-0048942;2026-08-14;5326;CELITE | SMART KIT COMPLETO Inodoro - Negro Brillante - 1167230021300;inodoro;CELITE;Celite Smart kit completo inodoro;Negro Brillante;;;juego;;;1;un;;1150000;1150000;Cod. fabrica 1167230021300
24;MERCOESTE S.A.E.C.A. (RUC 80059879-2);001-001-0048942;2026-08-14;5327;CELITE | SMART KIT COMPLETO Inodoro - Pergamon - 1167230590300;inodoro;CELITE;Celite Smart kit completo inodoro;Pergamon;;;juego;;;1;un;;1150000;1150000;Cod. fabrica 1167230590300
24;MERCOESTE S.A.E.C.A. (RUC 80059879-2);001-001-0048942;2026-08-14;12385;CORONA SEVILLA Sanitario triang. Negro Mate - 121904601;inodoro;CORONA;Corona Sevilla sanitario triangular;Negro Mate;;;juego;;;1;un;;2000000;2000000;Cod. fabrica 121904601
24;MERCOESTE S.A.E.C.A. (RUC 80059879-2);001-001-0048942;2026-08-14;12382;CORONA FUSSION Sanitario triang. Blanco - 621511001;inodoro;CORONA;Corona Fussion sanitario triangular;Blanco;;;juego;;;1;un;;990000;990000;Cod. fabrica 621511001
24;MERCOESTE S.A.E.C.A. (RUC 80059879-2);001-001-0048942;2026-08-14;8752;ROCA | HORIZON Lavamanos s/ poner 60X38 Skyline Blanco - A32727500B;bacha;ROCA;Roca Horizon lavamanos sobreponer 60x38 Skyline;Blanco;60;38;pieza;;;2;un;;850000;1700000;Cod. fabrica A32727500B
24;MERCOESTE S.A.E.C.A. (RUC 80059879-2);001-001-0048942;2026-08-14;7989;ROCA Lavabo Apoyo 420x420 Optica PQ42 - Cafe - A327A10860;bacha;ROCA;Roca lavabo de apoyo Optica PQ42 42x42;Cafe;42;42;pieza;;;1;un;;520000;520000;Cod. fabrica A327A10860
25;MERCOESTE S.A.E.C.A. (RUC 80059879-2);001-001-0048942;2026-08-14;10846;ROCA | Optica LV Semiempotrar CQ42 425X425 BCO - A327B19000;bacha;ROCA;Roca Optica lavamanos semiempotrar CQ42 42.5x42.5;Blanco;42.5;42.5;pieza;;;2;un;;380000;760000;Cod. fabrica A327B19000. Hoja 2 de la misma factura
26;EMPORIO de la Construccion / DIKASA (RUC 80061011-3);001-001-0002487;2026-08-10;561483;Bacha Ceramica Sobreponer 6CC008C4;bacha;;Bacha ceramica sobreponer 6CC008C4;;;;pieza;;;1;un;;690000;690000;Ref. 6CC008C4. Sin medidas en la factura
26;EMPORIO de la Construccion / DIKASA (RUC 80061011-3);001-001-0002487;2026-08-10;561606;Bacha Ceramica Sobreponer 6CC008C44;bacha;;Bacha ceramica sobreponer 6CC008C44;;;;pieza;;;1;un;;552000;552000;Ref. 6CC008C44. Sin medidas en la factura
26;EMPORIO de la Construccion / DIKASA (RUC 80061011-3);001-001-0002487;2026-08-10;565702;Bacha Ceramica Sobreponer 49x34x15 6cc008c6;bacha;;Bacha ceramica sobreponer 49x34x15;;49;34;pieza;;;1;un;;729000;729000;Ref. 6CC008C6
26;EMPORIO de la Construccion / DIKASA (RUC 80061011-3);001-001-0002487;2026-08-10;566386;Bacha Ceramica Sobreponer 52x33x15 20250006;bacha;;Bacha ceramica sobreponer 52x33x15;;52;33;pieza;;;1;un;;770000;770000;Ref. 20250006
26;EMPORIO de la Construccion / DIKASA (RUC 80061011-3);001-001-0002487;2026-08-10;564892;Bacha Ceramica Sobreponer 40x33x15 6CC001C2;bacha;;Bacha ceramica sobreponer 40x33x15;;40;33;pieza;;;1;un;;538000;538000;Ref. 6CC001C2
27;PROLAR SHOP (RUC 7510797-0);001-001-0110787;2026-08-14;6ES0468D;ESPEJO ALUM.P/BANO NN FM 60X90 DD;espejo;;Espejo aluminio para bano 60x90;DD;;;pieza;;;2;un;;275000;550000;"Factura a nombre de PAMELA PEREIRA (socia), no de la EAS. MANUSCRITO: ""Verificar % con Pamela"""
27;PROLAR SHOP (RUC 7510797-0);001-001-0110787;2026-08-14;6ES0255N;ESPEJO COLGANTE P/BANO NN 50CM NG;espejo;;Espejo colgante para bano 50cm;Negro;;;pieza;;;2;un;;275000;550000;"Factura a nombre de PAMELA PEREIRA (socia), no de la EAS. MANUSCRITO: ""Verificar % con Pamela"""
27;PROLAR SHOP (RUC 7510797-0);001-001-0110787;2026-08-14;6ES0758P;ESPEJO ALUM.P/BANO LED 3FDD 50X80 PT;espejo;;Espejo aluminio LED 3F 50x80;PT;;;pieza;;;1;un;;550000;550000;"Factura a nombre de PAMELA PEREIRA (socia), no de la EAS. MANUSCRITO: ""Verificar % con Pamela"""
27;PROLAR SHOP (RUC 7510797-0);001-001-0110787;2026-08-14;6ES0758N;ESPEJO ALUM.P/BANO LED 3FDD 50X80 NG;espejo;;Espejo aluminio LED 3F 50x80;Negro;;;pieza;;;1;un;;550000;550000;"Factura a nombre de PAMELA PEREIRA (socia), no de la EAS. MANUSCRITO: ""Verificar % con Pamela"""
27;PROLAR SHOP (RUC 7510797-0);001-001-0110787;2026-08-14;6ES0270D;ESPEJO P/BANO ALUM.REDONDO 70CM DD;espejo;;Espejo aluminio redondo 70cm;DD;;;pieza;;;1;un;;183500;183500;"MANUSCRITO: ""ROTO"" - no cargar al stock | Factura a nombre de PAMELA PEREIRA (socia), no de la EAS. MANUSCRITO: ""Verificar % con Pamela"""
27;PROLAR SHOP (RUC 7510797-0);001-001-0110787;2026-08-14;6ES0270N;ESPEJO ALUM.P/BANO RED. 70CM NG;espejo;;Espejo aluminio redondo 70cm;Negro;;;pieza;;;1;un;;183500;183500;"Factura a nombre de PAMELA PEREIRA (socia), no de la EAS. MANUSCRITO: ""Verificar % con Pamela"""
27;PROLAR SHOP (RUC 7510797-0);001-001-0110787;2026-08-14;6ES0860D;ESPEJO P/BANO ALUM.LED 60CM RED.DD;espejo;;Espejo aluminio LED redondo 60cm;DD;;;pieza;;;1;un;;412000;412000;"Factura a nombre de PAMELA PEREIRA (socia), no de la EAS. MANUSCRITO: ""Verificar % con Pamela"""
27;PROLAR SHOP (RUC 7510797-0);001-001-0110787;2026-08-14;2023002106;LAVATORIO CER.CF SOB. BONE SFG5 31X31X16;bacha;;Lavatorio ceramico sobreponer 31x31x16;Bone;;;pieza;;;1;un;;366500;366500;"Factura a nombre de PAMELA PEREIRA (socia), no de la EAS. MANUSCRITO: ""Verificar % con Pamela"""
27;PROLAR SHOP (RUC 7510797-0);001-001-0110787;2026-08-14;6CC088C3;LAVATORIO CER.SOB.OBRT SFNM GRS 52X33X14;bacha;;Lavatorio ceramico sobreponer 52x33x14;Gris;;;pieza;;;1;un;;458000;458000;"Factura a nombre de PAMELA PEREIRA (socia), no de la EAS. MANUSCRITO: ""Verificar % con Pamela"""
27;PROLAR SHOP (RUC 7510797-0);001-001-0110787;2026-08-14;6CC203C1;LAVATORIO CER.CF.SOB.RTDV.SFP1.463214;bacha;;Lavatorio ceramico sobreponer 46x32x14;;;;pieza;;;1;un;;399000;399000;"Factura a nombre de PAMELA PEREIRA (socia), no de la EAS. MANUSCRITO: ""Verificar % con Pamela"""
27;PROLAR SHOP (RUC 7510797-0);001-001-0110787;2026-08-14;6CC001C5;LAVATORIO CER.CP.SOB. OVAT POCM 40X33X15;bacha;;Lavatorio ceramico sobreponer ovalado 40x33x15;;;;pieza;;;1;un;;343500;343500;"Factura a nombre de PAMELA PEREIRA (socia), no de la EAS. MANUSCRITO: ""Verificar % con Pamela"""
27;PROLAR SHOP (RUC 7510797-0);001-001-0110787;2026-08-14;6CC004C6;LAVATORIO CER.CP.SOB.RDCV.PZCM 31X31X15;bacha;;Lavatorio ceramico sobreponer redondo 31x31x15;;;;pieza;;;1;un;;366500;366500;"Factura a nombre de PAMELA PEREIRA (socia), no de la EAS. MANUSCRITO: ""Verificar % con Pamela"""
27;PROLAR SHOP (RUC 7510797-0);001-001-0110787;2026-08-14;5JG225MM;L.ACK.KIT INX 5PCS RD TNM 2CP RT;accesorio_bano;;Kit accesorios inox 5 piezas redondo;TNM;;;juego;;;1;un;;106000;106000;"Factura a nombre de PAMELA PEREIRA (socia), no de la EAS. MANUSCRITO: ""Verificar % con Pamela"""
27;PROLAR SHOP (RUC 7510797-0);001-001-0110787;2026-08-14;5JG223MD;L.ACK.KIT INX 5PCS RD TDS 2CP RT;accesorio_bano;;Kit accesorios inox 5 piezas redondo;TDS;;;juego;;;1;un;;106000;106000;"MANUSCRITO: ""Devolucion"" - no cargar al stock | Factura a nombre de PAMELA PEREIRA (socia), no de la EAS. MANUSCRITO: ""Verificar % con Pamela"""
27;PROLAR SHOP (RUC 7510797-0);001-001-0110787;2026-08-14;5JG225MP;L.ACK.KIT INX 5PCS RD TPP 2CP RT;accesorio_bano;;Kit accesorios inox 5 piezas redondo;TPP;;;juego;;;1;un;;106000;106000;"Factura a nombre de PAMELA PEREIRA (socia), no de la EAS. MANUSCRITO: ""Verificar % con Pamela"""
28;EL RENACER COMERCIAL (RUC 1357352-7);001-001-0003652;2026-08-10;SIN CODIGO (factura manuscrita);Ducha electrica Lorenzetti;ducha;LORENZETTI;Ducha electrica Lorenzetti;;;;pieza;;;12;un;;105000;1260000;tipo_ducha=electrico | Factura manuscrita, sin codigo de articulo
28;EL RENACER COMERCIAL (RUC 1357352-7);001-001-0003652;2026-08-10;SIN CODIGO (factura manuscrita);Anillo de vedacion c/guia;plomeria;;Anillo de vedacion con guia;;;;pieza;;;60;un;;8500;510000;Factura manuscrita, sin codigo de articulo
28;EL RENACER COMERCIAL (RUC 1357352-7);001-001-0003652;2026-08-10;SIN CODIGO (factura manuscrita);Brazo cr. para ducha 0,40;ducha;;Brazo cromado para ducha 0,40 m;;;;pieza;;;12;un;;10500;126000;Factura manuscrita, sin codigo de articulo
28;EL RENACER COMERCIAL (RUC 1357352-7);001-001-0003652;2026-08-10;SIN CODIGO (factura manuscrita);Bacha Rimini red. 3910;bacha;;Bacha Rimini redonda 3910;;;;pieza;;;1;un;;189750;189750;Gama anotada a mano: Alta | Factura manuscrita, sin codigo de articulo
28;EL RENACER COMERCIAL (RUC 1357352-7);001-001-0003652;2026-08-10;SIN CODIGO (factura manuscrita);Bacha Rect. Piazza 4365;bacha;;Bacha Piazza rectangular 4365;;;;pieza;;;2;un;;207000;414000;Gama anotada a mano: Roma | Factura manuscrita, sin codigo de articulo
28;EL RENACER COMERCIAL (RUC 1357352-7);001-001-0003652;2026-08-10;SIN CODIGO (factura manuscrita);Bacha Rect. xcP2RTM 5260;bacha;;Bacha rectangular P2RTM 5260;;;;pieza;;;2;un;;224250;448500;Gama anotada a mano: Alta | Factura manuscrita, sin codigo de articulo
28;EL RENACER COMERCIAL (RUC 1357352-7);001-001-0003652;2026-08-10;SIN CODIGO (factura manuscrita);Bacha Rect. Novara 3941;bacha;;Bacha Novara rectangular 3941;;;;pieza;;;1;un;;299000;299000;Gama anotada a mano: Roma | Factura manuscrita, sin codigo de articulo
28;EL RENACER COMERCIAL (RUC 1357352-7);001-001-0003652;2026-08-10;SIN CODIGO (factura manuscrita);Bacha Ravena semiemb. 3387;bacha;;Bacha Ravena semiembutida 3387;;;;pieza;;;2;un;;184000;368000;Gama anotada a mano: Alta | Factura manuscrita, sin codigo de articulo
28;EL RENACER COMERCIAL (RUC 1357352-7);001-001-0003652;2026-08-10;SIN CODIGO (factura manuscrita);Bacha Red. Roma semiemb. 3346;bacha;;Bacha Roma redonda semiembutida 3346;;;;pieza;;;2;un;;195000;390000;Gama anotada a mano: Alta. Ref. poco legible (pag. 28) | Factura manuscrita, sin codigo de articulo
28;EL RENACER COMERCIAL (RUC 1357352-7);001-001-0003652;2026-08-10;SIN CODIGO (factura manuscrita);Bacha Roma Cuadrada 4061;bacha;;Bacha Roma cuadrada 4061;;;;pieza;;;1;un;;356500;356500;Gama anotada a mano: Baja | Factura manuscrita, sin codigo de articulo
28;EL RENACER COMERCIAL (RUC 1357352-7);001-001-0003652;2026-08-10;SIN CODIGO (factura manuscrita);Bacha Bolonia redonda 1991;bacha;;Bacha Bolonia redonda 1991;;;;pieza;;;2;un;;178250;356500;Gama anotada a mano: Alta | Factura manuscrita, sin codigo de articulo
28;EL RENACER COMERCIAL (RUC 1357352-7);001-001-0003652;2026-08-10;SIN CODIGO (factura manuscrita);Sopapa a presion EC30640;plomeria;;Sopapa a presion EC30640;;;;pieza;;;25;un;;15000;375000;Factura manuscrita, sin codigo de articulo
28;EL RENACER COMERCIAL (RUC 1357352-7);001-001-0003652;2026-08-10;SIN CODIGO (factura manuscrita);Sopapa a presion EC30599;plomeria;;Sopapa a presion EC30599;;;;pieza;;;25;un;;15750;393750;Factura manuscrita, sin codigo de articulo
28;EL RENACER COMERCIAL (RUC 1357352-7);001-001-0003652;2026-08-10;SIN CODIGO (factura manuscrita);Tornillo c/ tarugo N.10;tira_fondo;;Tornillo con tarugo N.10;;;;pieza;;;100;un;;1800;180000;Factura manuscrita, sin codigo de articulo
29;SANYCER S.A.C.I. (RUC 80030944-8);0010010193717;2026-08-12;11924;MINGITORIO DECA BLANCO C/SIFON M.715.17;migitorio;DECA;Mingitorio Deca con sifon;Blanco;;;pieza;;;2;un;;280000;560000;Ref. M.715.17
29;SANYCER S.A.C.I. (RUC 80030944-8);0010010193717;2026-08-12;10423;INODORO DECA ALTA IZY BLANCO P.11.17;inodoro;DECA;Inodoro Deca Izy cisterna alta;Blanco;;;pieza;;;2;un;;215000;430000;Ref. P.11.17. tipo_cisterna=alta
29;SANYCER S.A.C.I. (RUC 80030944-8);0010010193717;2026-08-12;5428;LAVATORIO DECA IZY RAVENITA BLANCO L.915.17;bacha;DECA;Lavatorio Deca Izy Ravenita;Blanco;;;pieza;;;2;un;;108900;217800;Ref. L.915.17
29;SANYCER S.A.C.I. (RUC 80030944-8);0010010193717;2026-08-12;2934;PEDESTAL DECA RAVENA IZY BLANCO C.10.17;bacha;DECA;Pedestal Deca Ravena Izy;Blanco;;;pieza;;;2;un;;91100;182200;Ref. C.10.17
29;SANYCER S.A.C.I. (RUC 80030944-8);0010010193717;2026-08-12;1235;INODORO DECA ALTA IZY CARAMELO P.11.23;inodoro;DECA;Inodoro Deca Izy cisterna alta;Caramelo;;;pieza;;;2;un;;223000;446000;Ref. P.11.23. tipo_cisterna=alta
29;SANYCER S.A.C.I. (RUC 80030944-8);0010010193717;2026-08-12;5420;LAVATORIO DECA IZY RAVENITA CARAMELO L.915.23;bacha;DECA;Lavatorio Deca Izy Ravenita;Caramelo;;;pieza;;;2;un;;117700;235400;Ref. L.915.23
29;SANYCER S.A.C.I. (RUC 80030944-8);0010010193717;2026-08-12;3152;PEDESTAL DECA RAVENA IZY CARAMELO C.10.23;bacha;DECA;Pedestal Deca Ravena Izy;Caramelo;;;pieza;;;2;un;;97300;194600;Ref. C.10.23
29;SANYCER S.A.C.I. (RUC 80030944-8);0010010193717;2026-08-12;1444;INODORO DECA ALTA IZY CREMA P.11.37;inodoro;DECA;Inodoro Deca Izy cisterna alta;Crema;;;pieza;;;2;un;;223000;446000;Ref. P.11.37. tipo_cisterna=alta
29;SANYCER S.A.C.I. (RUC 80030944-8);0010010193717;2026-08-12;1445;LAVATORIO DECA IZY RAVENITA CREMA L.915.37;bacha;DECA;Lavatorio Deca Izy Ravenita;Crema;;;pieza;;;2;un;;117700;235400;Ref. L.915.37
29;SANYCER S.A.C.I. (RUC 80030944-8);0010010193717;2026-08-12;3161;PEDESTAL DECA RAVENA IZY CREMA C.10.37;bacha;DECA;Pedestal Deca Ravena Izy;Crema;;;pieza;;;2;un;;97300;194600;Ref. C.10.37
29;SANYCER S.A.C.I. (RUC 80030944-8);0010010193717;2026-08-12;1431;INODORO DECA ALTA IZY GRIS CLARO P.11.87;inodoro;DECA;Inodoro Deca Izy cisterna alta;Gris Claro;;;pieza;;;2;un;;223000;446000;Ref. P.11.87. tipo_cisterna=alta
29;SANYCER S.A.C.I. (RUC 80030944-8);0010010193717;2026-08-12;1433;LAVATORIO DECA IZY RAVENITA GRIS CLARO L.915.87;bacha;DECA;Lavatorio Deca Izy Ravenita;Gris Claro;;;pieza;;;2;un;;117700;235400;Ref. L.915.87
29;SANYCER S.A.C.I. (RUC 80030944-8);0010010193717;2026-08-12;1434;PEDESTAL DECA RAVENA IZY GRIS CLARO C.10.87;bacha;DECA;Pedestal Deca Ravena Izy;Gris Claro;;;pieza;;;2;un;;97300;194600;Ref. C.10.87
30;SANYCER S.A.C.I. (RUC 80030944-8);0010010193714;2026-08-12;14075;"CANO ROSCABLE PVC DE 1/2"" 10012503 (X UNIDAD)";plomeria;;Cano roscable PVC 1/2 pulgada;;;;pieza;;;10;un;;33600;336000;Ref. 10012503
30;SANYCER S.A.C.I. (RUC 80030944-8);0010010193714;2026-08-12;3730;CANO LIVIANO DE 40MM 11190448 TIRA DE 6 METROS;plomeria;;Cano liviano 40mm tira 6 m;;;;pieza;;;10;un;;23520;235200;Ref. 11190448
30;SANYCER S.A.C.I. (RUC 80030944-8);0010010193714;2026-08-12;3740;CANO LIVIANO DE 50MM 11190456 TIRA DE 6 METROS;plomeria;;Cano liviano 50mm tira 6 m;;;;pieza;;;10;un;;30800;308000;Ref. 11190456
30;SANYCER S.A.C.I. (RUC 80030944-8);0010010193714;2026-08-12;3770;CANO CLOACAL DE 100MM BLANCO 11194524 TIRA DE 6 METROS;plomeria;;Cano cloacal 100mm tira 6 m;;;;pieza;;;10;un;;60200;602000;Ref. 11194524
30;SANYCER S.A.C.I. (RUC 80030944-8);0010010193714;2026-08-12;14060;CANO CLOACAL DE 150MM BLANCO 11194940 TIRA DE 6 METROS;plomeria;;Cano cloacal 150mm tira 6 m;;;;pieza;;;5;un;;145600;728000;Ref. 11194940
30;SANYCER S.A.C.I. (RUC 80030944-8);0010010193714;2026-08-12;21439;KIT COMPLETO MONTE CARLO - BR DECA KP.808.17;inodoro;DECA;Deca kit completo Monte Carlo;;;;pieza;;;1;un;;1371514;1371514;Ref. KP.808.17
30;SANYCER S.A.C.I. (RUC 80030944-8);0010010193714;2026-08-12;27845;KIT COMPL. BACIA C/CX ACOPLE ASPEN ACCIONAMIENTO BLANCO DECA KP.751.BR.17;inodoro;DECA;Deca kit completo Aspen con caja acoplada;;;;pieza;;;2;un;;708063;1416126;Ref. KP.751.BR.17
30;SANYCER S.A.C.I. (RUC 80030944-8);0010010193714;2026-08-12;15065;BACHA SEMIENCUADRADA C/MESA 40CM CZ ANT DECA L.61040.M.85;bacha;DECA;Deca bacha semiencuadrada con mesa 40cm;;;;pieza;;;1;un;;736185;736185;Ref. L.61040.M.85. Color CZ ANT (cinza antiguo)
30;SANYCER S.A.C.I. (RUC 80030944-8);0010010193714;2026-08-12;19833;MONOCOMANDO COCINA P/MESADA COIHUE 412.01/N1-CR FV;griferia;FV;FV monocomando cocina para mesada Coihue;;;;pieza;;;2;un;;1188759;2377518;Ref. 412.01/N1-CR. tipo_grifo=monocomando, montaje=mesa
30;SANYCER S.A.C.I. (RUC 80030944-8);0010010193714;2026-08-12;384;CANILLA CROMO ART 430 DE 1/2 S/PICO FV;griferia;FV;FV canilla cromo 1/2 sin pico art. 430;;;;pieza;;;2;un;;83330;166660;tipo_grifo=frio
30;SANYCER S.A.C.I. (RUC 80030944-8);0010010193714;2026-08-12;385;CANILLA CROMO ART 436 DE 1/2 C/PICO FV;griferia;FV;FV canilla cromo 1/2 con pico art. 436;;;;pieza;;;1;un;;103360;103360;tipo_grifo=frio
30;SANYCER S.A.C.I. (RUC 80030944-8);0010010193714;2026-08-12;395;CANILLA LAVATORIO ART. 221 CLASICO FV;griferia;FV;FV canilla lavatorio Clasico art. 221;;;;pieza;;;3;un;;123000;369000;tipo_grifo=frio
30;SANYCER S.A.C.I. (RUC 80030944-8);0010010193714;2026-08-12;15550;CANILLA LAVATORIO DE AGUA FRIA FV PUELO 231/B5.0-CR;griferia;FV;FV canilla lavatorio agua fria Puelo;;;;pieza;;;2;un;;186074;372148;Ref. 231/B5.0-CR. tipo_grifo=frio
30;SANYCER S.A.C.I. (RUC 80030944-8);0010010193714;2026-08-12;6214;CANILLA PICO MOVIL ALTO ART 421 CLASICO FV;griferia;FV;FV canilla pico movil alto Clasico art. 421;;;;pieza;;;2;un;;174845;349690;
30;SANYCER S.A.C.I. (RUC 80030944-8);0010010193714;2026-08-12;9030;VALVULA AUTOMATICA P MING. FV PRESSMATIC ART 362.01 CR;griferia;FV;FV valvula automatica Pressmatic para mingitorio;;;;pieza;;;2;un;;395078;790156;Ref. 362.01
30;SANYCER S.A.C.I. (RUC 80030944-8);0010010193714;2026-08-12;27192;MONOC. DE EMBUTIR P/DUCHA FV 108/R2-CR;ducha;FV;FV monocomando de embutir para ducha 108/R2;;;;pieza;;;2;un;;280116;560232;tipo_ducha=monocomando
30;SANYCER S.A.C.I. (RUC 80030944-8);0010010193714;2026-08-12;22357;MONOCOMANDO DE EMBUTIR P/DUCHA 108/M4-CR FV;ducha;FV;FV monocomando de embutir para ducha 108/M4;;;;pieza;;;2;un;;402000;804000;tipo_ducha=monocomando
30;SANYCER S.A.C.I. (RUC 80030944-8);0010010193714;2026-08-12;17289;SOPAPA C/TAPA DECA PARA LAVATORIO PVC-CROMO 1602.C.PLA;plomeria;DECA;Deca sopapa con tapa para lavatorio PVC cromo;;;;pieza;;;6;un;;28159;168954;Ref. 1602.C.PLA
30;SANYCER S.A.C.I. (RUC 80030944-8);0010010193714;2026-08-12;19219;KIT ACCESORIOS SABINA 5 PIEZAS FV 179.05/C4-CR;accesorio_bano;FV;FV kit accesorios Sabina 5 piezas;;;;juego;;;1;un;;805044;805044;Ref. 179.05/C4-CR
30;SANYCER S.A.C.I. (RUC 80030944-8);0010010193714;2026-08-12;19034;KIT ACCESORIO P/BANO DECA PIX 2000.C02;accesorio_bano;DECA;Deca kit accesorios para bano Pix;;;;juego;;;2;un;;278717;557434;Ref. 2000.C02
